[
  {
    "name": "Graz Hauptbahnhof",
    "city": "Graz",
    "country": "AT",
    "code": "8100173",
    "slug": "graz-hauptbahnhof",
    "type": "OBB",
    "url": "https://www.oebb.at/en/"
  },
  {
    "name": "Innsbruck Hauptbahnhof",
    "city": "Innsbruck",
    "country": "AT",
    "code": "8100108",
    "slug": "innsbruck-hauptbahnhof",
    "type": "OBB",
    "url": "https://www.oebb.at/en/"
  },
  {
    "name": "Linz Hauptbahnhof",
    "city": "Linz",
    "country": "AT",
    "code": "8100013",
    "slug": "linz-hauptbahnhof",
    "type": "OBB",
    "url": "https://www.oebb.at/en/"
  },
  {
    "name": "Salzburg Hauptbahnhof",
    "city": "Salzburg",
    "country": "AT",
    "code": "8100002",
    "slug": "salzburg-hauptbahnhof",
    "type": "OBB",
    "url": "https://www.oebb.at/en/"
  },
  {
    "name": "Wien Hauptbahnhof",
    "city": "Vienna",
    "country": "AT",
    "code": "1291501",
    "slug": "wien-hauptbahnhof",
    "type": "OBB",
    "url": "https://www.oebb.at/en/"
  },
  {
    "name": "Wien Westbahnhof",
    "city": "Vienna",
    "country": "AT",
    "code": "1390300",
    "slug": "wien-westbahnhof",
    "type": "OBB",
    "url": "https://www.oebb.at/en/"
  },
  {
    "name": "Antwerpen-Centraal",
    "city": "Antwerp",
    "country": "BE",
    "code": "BE.NMBS.008821006",
    "slug": "antwerpen-centraal",
    "type": "SNCB",
    "url": "https://www.belgiantrain.be/en"
  },
  {
    "name": "Bruges",
    "city": "Bruges",
    "country": "BE",
    "code": "BE.NMBS.008891009",
    "slug": "bruges",
    "type": "SNCB",
    "url": "https://www.belgiantrain.be/en"
  },
  {
    "name": "Bruxelles-Midi",
    "city": "Brussels",
    "country": "BE",
    "code": "BE.NMBS.008814001",
    "slug": "bruxelles-midi",
    "type": "SNCB",
    "url": "https://www.belgiantrain.be/en"
  },
  {
    "name": "Bruxelles-Central",
    "city": "Brussels",
    "country": "BE",
    "code": "BE.NMBS.008812005",
    "slug": "bruxelles-central",
    "type": "SNCB",
    "url": "https://www.belgiantrain.be/en"
  },
  {
    "name": "Gent-Sint-Pieters",
    "city": "Ghent",
    "country": "BE",
    "code": "BE.NMBS.008892007",
    "slug": "gent-sint-pieters",
    "type": "SNCB",
    "url": "https://www.belgiantrain.be/en"
  },
  {
    "name": "Liège-Guillemins",
    "city": "Liège",
    "country": "BE",
    "code": "BE.NMBS.008841004",
    "slug": "li-ge-guillemins",
    "type": "SNCB",
    "url": "https://www.belgiantrain.be/en"
  },
  {
    "name": "Basel SBB",
    "city": "Basel",
    "country": "CH",
    "code": "8500010",
    "slug": "basel-sbb",
    "type": "SBB",
    "url": "https://www.sbb.ch/en/buying/pages/fahrplan/fahrplan.xhtml?nach=8500010"
  },
  {
    "name": "Bern",
    "city": "Bern",
    "country": "CH",
    "code": "8507000",
    "slug": "bern",
    "type": "SBB",
    "url": "https://www.sbb.ch/en/buying/pages/fahrplan/fahrplan.xhtml?nach=8507000"
  },
  {
    "name": "Biel/Bienne",
    "city": "Biel",
    "country": "CH",
    "code": "8504300",
    "slug": "biel-bienne",
    "type": "SBB",
    "url": "https://www.sbb.ch/en/buying/pages/fahrplan/fahrplan.xhtml?nach=8504300"
  },
  {
    "name": "Genève",
    "city": "Geneva",
    "country": "CH",
    "code": "8501008",
    "slug": "gen-ve",
    "type": "SBB",
    "url": "https://www.sbb.ch/en/buying/pages/fahrplan/fahrplan.xhtml?nach=8501008"
  },
  {
    "name": "Lausanne",
    "city": "Lausanne",
    "country": "CH",
    "code": "8501120",
    "slug": "lausanne",
    "type": "SBB",
    "url": "https://www.sbb.ch/en/buying/pages/fahrplan/fahrplan.xhtml?nach=8501120"
  },
  {
    "name": "Luzern",
    "city": "Lucerne",
    "country": "CH",
    "code": "8505000",
    "slug": "luzern",
    "type": "SBB",
    "url": "https://www.sbb.ch/en/buying/pages/fahrplan/fahrplan.xhtml?nach=8505000"
  },
  {
    "name": "Lugano",
    "city": "Lugano",
    "country": "CH",
    "code": "8505300",
    "slug": "lugano",
    "type": "SBB",
    "url": "https://www.sbb.ch/en/buying/pages/fahrplan/fahrplan.xhtml?nach=8505300"
  },
  {
    "name": "St. Gallen",
    "city": "St. Gallen",
    "country": "CH",
    "code": "8506302",
    "slug": "st-gallen",
    "type": "SBB",
    "url": "https://www.sbb.ch/en/buying/pages/fahrplan/fahrplan.xhtml?nach=8506302"
  },
  {
    "name": "Winterthur",
    "city": "Winterthur",
    "country": "CH",
    "code": "8506000",
    "slug": "winterthur",
    "type": "SBB",
    "url": "https://www.sbb.ch/en/buying/pages/fahrplan/fahrplan.xhtml?nach=8506000"
  },
  {
    "name": "Zürich Hauptbahnhof",
    "city": "Zurich",
    "country": "CH",
    "code": "8503000",
    "slug": "z-rich-hauptbahnhof",
    "type": "SBB",
    "url": "https://www.sbb.ch/en/buying/pages/fahrplan/fahrplan.xhtml?nach=8503000"
  },
  {
    "name": "Aachen Hauptbahnhof",
    "city": "Aachen",
    "country": "DE",
    "code": "Aachen+Hbf",
    "slug": "aachen-hauptbahnhof",
    "type": "DB",
    "url": "https://reiseauskunft.bahn.de/bin/bhftafel.exe/dn?input=Aachen+Hbf&boardType=dep&time=actual&start=yes"
  },
  {
    "name": "Augsburg Hauptbahnhof",
    "city": "Augsburg",
    "country": "DE",
    "code": "Augsburg+Hbf",
    "slug": "augsburg-hauptbahnhof",
    "type": "DB",
    "url": "https://reiseauskunft.bahn.de/bin/bhftafel.exe/dn?input=Augsburg+Hbf&boardType=dep&time=actual&start=yes"
  },
  {
    "name": "Berlin Hauptbahnhof",
    "city": "Berlin",
    "country": "DE",
    "code": "Berlin+Hbf",
    "slug": "berlin-hauptbahnhof",
    "type": "DB",
    "url": "https://reiseauskunft.bahn.de/bin/bhftafel.exe/dn?input=Berlin+Hbf&boardType=dep&time=actual&start=yes"
  },
  {
    "name": "Berlin Ostbahnhof",
    "city": "Berlin",
    "country": "DE",
    "code": "Berlin+Ostbahnhof",
    "slug": "berlin-ostbahnhof",
    "type": "DB",
    "url": "https://reiseauskunft.bahn.de/bin/bhftafel.exe/dn?input=Berlin+Ostbahnhof&boardType=dep&time=actual&start=yes"
  },
  {
    "name": "Berlin Südkreuz",
    "city": "Berlin",
    "country": "DE",
    "code": "Berlin+Südkreuz",
    "slug": "berlin-s-dkreuz",
    "type": "DB",
    "url": "https://reiseauskunft.bahn.de/bin/bhftafel.exe/dn?input=Berlin+Südkreuz&boardType=dep&time=actual&start=yes"
  },
  {
    "name": "Berlin Gesundbrunnen",
    "city": "Berlin",
    "country": "DE",
    "code": "Berlin+Gesundbrunnen",
    "slug": "berlin-gesundbrunnen",
    "type": "DB",
    "url": "https://reiseauskunft.bahn.de/bin/bhftafel.exe/dn?input=Berlin+Gesundbrunnen&boardType=dep&time=actual&start=yes"
  },
  {
    "name": "Bielefeld Hauptbahnhof",
    "city": "Bielefeld",
    "country": "DE",
    "code": "Bielefeld+Hbf",
    "slug": "bielefeld-hauptbahnhof",
    "type": "DB",
    "url": "https://reiseauskunft.bahn.de/bin/bhftafel.exe/dn?input=Bielefeld+Hbf&boardType=dep&time=actual&start=yes"
  },
  {
    "name": "Bochum Hauptbahnhof",
    "city": "Bochum",
    "country": "DE",
    "code": "Bochum+Hbf",
    "slug": "bochum-hauptbahnhof",
    "type": "DB",
    "url": "https://reiseauskunft.bahn.de/bin/bhftafel.exe/dn?input=Bochum+Hbf&boardType=dep&time=actual&start=yes"
  },
  {
    "name": "Bonn Hauptbahnhof",
    "city": "Bonn",
    "country": "DE",
    "code": "Bonn+Hbf",
    "slug": "bonn-hauptbahnhof",
    "type": "DB",
    "url": "https://reiseauskunft.bahn.de/bin/bhftafel.exe/dn?input=Bonn+Hbf&boardType=dep&time=actual&start=yes"
  },
  {
    "name": "Braunschweig Hauptbahnhof",
    "city": "Braunschweig",
    "country": "DE",
    "code": "Braunschweig+Hbf",
    "slug": "braunschweig-hauptbahnhof",
    "type": "DB",
    "url": "https://reiseauskunft.bahn.de/bin/bhftafel.exe/dn?input=Braunschweig+Hbf&boardType=dep&time=actual&start=yes"
  },
  {
    "name": "Bremen Hauptbahnhof",
    "city": "Bremen",
    "country": "DE",
    "code": "Bremen+Hbf",
    "slug": "bremen-hauptbahnhof",
    "type": "DB",
    "url": "https://reiseauskunft.bahn.de/bin/bhftafel.exe/dn?input=Bremen+Hbf&boardType=dep&time=actual&start=yes"
  },
  {
    "name": "Chemnitz Hauptbahnhof",
    "city": "Chemnitz",
    "country": "DE",
    "code": "Chemnitz+Hbf",
    "slug": "chemnitz-hauptbahnhof",
    "type": "DB",
    "url": "https://reiseauskunft.bahn.de/bin/bhftafel.exe/dn?input=Chemnitz+Hbf&boardType=dep&time=actual&start=yes"
  },
  {
    "name": "Köln Hauptbahnhof",
    "city": "Cologne",
    "country": "DE",
    "code": "Köln+Hbf",
    "slug": "k-ln-hauptbahnhof",
    "type": "DB",
    "url": "https://reiseauskunft.bahn.de/bin/bhftafel.exe/dn?input=Köln+Hbf&boardType=dep&time=actual&start=yes"
  },
  {
    "name": "Dortmund Hauptbahnhof",
    "city": "Dortmund",
    "country": "DE",
    "code": "Dortmund+Hbf",
    "slug": "dortmund-hauptbahnhof",
    "type": "DB",
    "url": "https://reiseauskunft.bahn.de/bin/bhftafel.exe/dn?input=Dortmund+Hbf&boardType=dep&time=actual&start=yes"
  },
  {
    "name": "Dresden Hauptbahnhof",
    "city": "Dresden",
    "country": "DE",
    "code": "Dresden+Hbf",
    "slug": "dresden-hauptbahnhof",
    "type": "DB",
    "url": "https://reiseauskunft.bahn.de/bin/bhftafel.exe/dn?input=Dresden+Hbf&boardType=dep&time=actual&start=yes"
  },
  {
    "name": "Duisburg Hauptbahnhof",
    "city": "Duisburg",
    "country": "DE",
    "code": "Duisburg+Hbf",
    "slug": "duisburg-hauptbahnhof",
    "type": "DB",
    "url": "https://reiseauskunft.bahn.de/bin/bhftafel.exe/dn?input=Duisburg+Hbf&boardType=dep&time=actual&start=yes"
  },
  {
    "name": "Düsseldorf Hauptbahnhof",
    "city": "Düsseldorf",
    "country": "DE",
    "code": "Düsseldorf+Hbf",
    "slug": "d-sseldorf-hauptbahnhof",
    "type": "DB",
    "url": "https://reiseauskunft.bahn.de/bin/bhftafel.exe/dn?input=Düsseldorf+Hbf&boardType=dep&time=actual&start=yes"
  },
  {
    "name": "Essen Hauptbahnhof",
    "city": "Essen",
    "country": "DE",
    "code": "Essen+Hbf",
    "slug": "essen-hauptbahnhof",
    "type": "DB",
    "url": "https://reiseauskunft.bahn.de/bin/bhftafel.exe/dn?input=Essen+Hbf&boardType=dep&time=actual&start=yes"
  },
  {
    "name": "Frankfurt Hauptbahnhof",
    "city": "Frankfurt",
    "country": "DE",
    "code": "Frankfurt(Main)Hbf",
    "slug": "frankfurt-hauptbahnhof",
    "type": "DB",
    "url": "https://reiseauskunft.bahn.de/bin/bhftafel.exe/dn?input=Frankfurt(Main)Hbf&boardType=dep&time=actual&start=yes"
  },
  {
    "name": "Gelsenkirchen Hauptbahnhof",
    "city": "Gelsenkirchen",
    "country": "DE",
    "code": "Gelsenkirchen+Hbf",
    "slug": "gelsenkirchen-hauptbahnhof",
    "type": "DB",
    "url": "https://reiseauskunft.bahn.de/bin/bhftafel.exe/dn?input=Gelsenkirchen+Hbf&boardType=dep&time=actual&start=yes"
  },
  {
    "name": "Hamburg Hauptbahnhof",
    "city": "Hamburg",
    "country": "DE",
    "code": "Hamburg+Hbf",
    "slug": "hamburg-hauptbahnhof",
    "type": "DB",
    "url": "https://reiseauskunft.bahn.de/bin/bhftafel.exe/dn?input=Hamburg+Hbf&boardType=dep&time=actual&start=yes"
  },
  {
    "name": "Hannover Hauptbahnhof",
    "city": "Hanover",
    "country": "DE",
    "code": "Hannover+Hbf",
    "slug": "hannover-hauptbahnhof",
    "type": "DB",
    "url": "https://reiseauskunft.bahn.de/bin/bhftafel.exe/dn?input=Hannover+Hbf&boardType=dep&time=actual&start=yes"
  },
  {
    "name": "Karlsruhe Hauptbahnhof",
    "city": "Karlsruhe",
    "country": "DE",
    "code": "Karlsruhe+Hbf",
    "slug": "karlsruhe-hauptbahnhof",
    "type": "DB",
    "url": "https://reiseauskunft.bahn.de/bin/bhftafel.exe/dn?input=Karlsruhe+Hbf&boardType=dep&time=actual&start=yes"
  },
  {
    "name": "Kiel Hauptbahnhof",
    "city": "Kiel",
    "country": "DE",
    "code": "Kiel+Hbf",
    "slug": "kiel-hauptbahnhof",
    "type": "DB",
    "url": "https://reiseauskunft.bahn.de/bin/bhftafel.exe/dn?input=Kiel+Hbf&boardType=dep&time=actual&start=yes"
  },
  {
    "name": "Leipzig Hauptbahnhof",
    "city": "Leipzig",
    "country": "DE",
    "code": "Leipzig+Hbf",
    "slug": "leipzig-hauptbahnhof",
    "type": "DB",
    "url": "https://reiseauskunft.bahn.de/bin/bhftafel.exe/dn?input=Leipzig+Hbf&boardType=dep&time=actual&start=yes"
  },
  {
    "name": "Mannheim Hauptbahnhof",
    "city": "Mannheim",
    "country": "DE",
    "code": "Mannheim+Hbf",
    "slug": "mannheim-hauptbahnhof",
    "type": "DB",
    "url": "https://reiseauskunft.bahn.de/bin/bhftafel.exe/dn?input=Mannheim+Hbf&boardType=dep&time=actual&start=yes"
  },
  {
    "name": "Mönchengladbach Hauptbahnhof",
    "city": "Mönchengladbach",
    "country": "DE",
    "code": "Mönchengladbach+Hbf",
    "slug": "m-nchengladbach-hauptbahnhof",
    "type": "DB",
    "url": "https://reiseauskunft.bahn.de/bin/bhftafel.exe/dn?input=Mönchengladbach+Hbf&boardType=dep&time=actual&start=yes"
  },
  {
    "name": "München Hauptbahnhof",
    "city": "Munich",
    "country": "DE",
    "code": "München+Hbf",
    "slug": "m-nchen-hauptbahnhof",
    "type": "DB",
    "url": "https://reiseauskunft.bahn.de/bin/bhftafel.exe/dn?input=München+Hbf&boardType=dep&time=actual&start=yes"
  },
  {
    "name": "München Ost",
    "city": "Munich",
    "country": "DE",
    "code": "München+Ost",
    "slug": "m-nchen-ost",
    "type": "DB",
    "url": "https://reiseauskunft.bahn.de/bin/bhftafel.exe/dn?input=München+Ost&boardType=dep&time=actual&start=yes"
  },
  {
    "name": "München Pasing",
    "city": "Munich",
    "country": "DE",
    "code": "München+Pasing",
    "slug": "m-nchen-pasing",
    "type": "DB",
    "url": "https://reiseauskunft.bahn.de/bin/bhftafel.exe/dn?input=München+Pasing&boardType=dep&time=actual&start=yes"
  },
  {
    "name": "Münster Hauptbahnhof",
    "city": "Münster",
    "country": "DE",
    "code": "Münster(Westf)Hbf",
    "slug": "m-nster-hauptbahnhof",
    "type": "DB",
    "url": "https://reiseauskunft.bahn.de/bin/bhftafel.exe/dn?input=Münster(Westf)Hbf&boardType=dep&time=actual&start=yes"
  },
  {
    "name": "Nürnberg Hauptbahnhof",
    "city": "Nuremberg",
    "country": "DE",
    "code": "Nürnberg+Hbf",
    "slug": "n-rnberg-hauptbahnhof",
    "type": "DB",
    "url": "https://reiseauskunft.bahn.de/bin/bhftafel.exe/dn?input=Nürnberg+Hbf&boardType=dep&time=actual&start=yes"
  },
  {
    "name": "Stuttgart Hauptbahnhof",
    "city": "Stuttgart",
    "country": "DE",
    "code": "Stuttgart+Hbf",
    "slug": "stuttgart-hauptbahnhof",
    "type": "DB",
    "url": "https://reiseauskunft.bahn.de/bin/bhftafel.exe/dn?input=Stuttgart+Hbf&boardType=dep&time=actual&start=yes"
  },
  {
    "name": "Wiesbaden Hauptbahnhof",
    "city": "Wiesbaden",
    "country": "DE",
    "code": "Wiesbaden+Hbf",
    "slug": "wiesbaden-hauptbahnhof",
    "type": "DB",
    "url": "https://reiseauskunft.bahn.de/bin/bhftafel.exe/dn?input=Wiesbaden+Hbf&boardType=dep&time=actual&start=yes"
  },
  {
    "name": "Wuppertal Hauptbahnhof",
    "city": "Wuppertal",
    "country": "DE",
    "code": "Wuppertal+Hbf",
    "slug": "wuppertal-hauptbahnhof",
    "type": "DB",
    "url": "https://reiseauskunft.bahn.de/bin/bhftafel.exe/dn?input=Wuppertal+Hbf&boardType=dep&time=actual&start=yes"
  },
  {
    "name": "Alicante Terminal",
    "city": "Alicante",
    "country": "ES",
    "code": "66003",
    "slug": "alicante-terminal",
    "type": "Renfe",
    "url": "https://www.renfe.com/es/es/cercanias/horarios-y-precios"
  },
  {
    "name": "Barcelona Sants",
    "city": "Barcelona",
    "country": "ES",
    "code": "71801",
    "slug": "barcelona-sants",
    "type": "Renfe",
    "url": "https://www.renfe.com/es/es/cercanias/horarios-y-precios"
  },
  {
    "name": "Córdoba Central",
    "city": "Córdoba",
    "country": "ES",
    "code": "61001",
    "slug": "c-rdoba-central",
    "type": "Renfe",
    "url": "https://www.renfe.com/es/es/cercanias/horarios-y-precios"
  },
  {
    "name": "Madrid Atocha",
    "city": "Madrid",
    "country": "ES",
    "code": "10300",
    "slug": "madrid-atocha",
    "type": "Renfe",
    "url": "https://www.renfe.com/es/es/cercanias/horarios-y-precios"
  },
  {
    "name": "Madrid Chamartín",
    "city": "Madrid",
    "country": "ES",
    "code": "10100",
    "slug": "madrid-chamart-n",
    "type": "Renfe",
    "url": "https://www.renfe.com/es/es/cercanias/horarios-y-precios"
  },
  {
    "name": "Málaga María Zambrano",
    "city": "Málaga",
    "country": "ES",
    "code": "64200",
    "slug": "m-laga-mar-a-zambrano",
    "type": "Renfe",
    "url": "https://www.renfe.com/es/es/cercanias/horarios-y-precios"
  },
  {
    "name": "Sevilla Santa Justa",
    "city": "Seville",
    "country": "ES",
    "code": "60000",
    "slug": "sevilla-santa-justa",
    "type": "Renfe",
    "url": "https://www.renfe.com/es/es/cercanias/horarios-y-precios"
  },
  {
    "name": "Valencia Joaquín Sorolla",
    "city": "Valencia",
    "country": "ES",
    "code": "69005",
    "slug": "valencia-joaqu-n-sorolla",
    "type": "Renfe",
    "url": "https://www.renfe.com/es/es/cercanias/horarios-y-precios"
  },
  {
    "name": "Valladolid Campo Grande",
    "city": "Valladolid",
    "country": "ES",
    "code": "15300",
    "slug": "valladolid-campo-grande",
    "type": "Renfe",
    "url": "https://www.renfe.com/es/es/cercanias/horarios-y-precios"
  },
  {
    "name": "Zaragoza Delicias",
    "city": "Zaragoza",
    "country": "ES",
    "code": "54400",
    "slug": "zaragoza-delicias",
    "type": "Renfe",
    "url": "https://www.renfe.com/es/es/cercanias/horarios-y-precios"
  },
  {
    "name": "Bordeaux Saint-Jean",
    "city": "Bordeaux",
    "country": "FR",
    "code": "FRBDX",
    "slug": "bordeaux-saint-jean",
    "type": "SNCF",
    "url": "https://www.sncf-connect.com/app/station/FRBDX/departures"
  },
  {
    "name": "Dijon Ville",
    "city": "Dijon",
    "country": "FR",
    "code": "FRDIJ",
    "slug": "dijon-ville",
    "type": "SNCF",
    "url": "https://www.sncf-connect.com/app/station/FRDIJ/departures"
  },
  {
    "name": "Grenoble",
    "city": "Grenoble",
    "country": "FR",
    "code": "FRGRE",
    "slug": "grenoble",
    "type": "SNCF",
    "url": "https://www.sncf-connect.com/app/station/FRGRE/departures"
  },
  {
    "name": "Le Mans",
    "city": "Le Mans",
    "country": "FR",
    "code": "FRLMN",
    "slug": "le-mans",
    "type": "SNCF",
    "url": "https://www.sncf-connect.com/app/station/FRLMN/departures"
  },
  {
    "name": "Lille Europe",
    "city": "Lille",
    "country": "FR",
    "code": "FRXEE",
    "slug": "lille-europe",
    "type": "SNCF",
    "url": "https://www.sncf-connect.com/app/station/FRXEE/departures"
  },
  {
    "name": "Lyon Part-Dieu",
    "city": "Lyon",
    "country": "FR",
    "code": "FRXPD",
    "slug": "lyon-part-dieu",
    "type": "SNCF",
    "url": "https://www.sncf-connect.com/app/station/FRXPD/departures"
  },
  {
    "name": "Marseille Saint-Charles",
    "city": "Marseille",
    "country": "FR",
    "code": "FRMSC",
    "slug": "marseille-saint-charles",
    "type": "SNCF",
    "url": "https://www.sncf-connect.com/app/station/FRMSC/departures"
  },
  {
    "name": "Montpellier Saint-Roch",
    "city": "Montpellier",
    "country": "FR",
    "code": "FRMSR",
    "slug": "montpellier-saint-roch",
    "type": "SNCF",
    "url": "https://www.sncf-connect.com/app/station/FRMSR/departures"
  },
  {
    "name": "Nantes",
    "city": "Nantes",
    "country": "FR",
    "code": "FRNTS",
    "slug": "nantes",
    "type": "SNCF",
    "url": "https://www.sncf-connect.com/app/station/FRNTS/departures"
  },
  {
    "name": "Nice Ville",
    "city": "Nice",
    "country": "FR",
    "code": "FRNCE",
    "slug": "nice-ville",
    "type": "SNCF",
    "url": "https://www.sncf-connect.com/app/station/FRNCE/departures"
  },
  {
    "name": "Paris Gare du Nord",
    "city": "Paris",
    "country": "FR",
    "code": "FRGDP",
    "slug": "paris-gare-du-nord",
    "type": "SNCF",
    "url": "https://www.sncf-connect.com/app/station/FRGDP/departures"
  },
  {
    "name": "Paris Gare de Lyon",
    "city": "Paris",
    "country": "FR",
    "code": "FRPLY",
    "slug": "paris-gare-de-lyon",
    "type": "SNCF",
    "url": "https://www.sncf-connect.com/app/station/FRPLY/departures"
  },
  {
    "name": "Paris Montparnasse",
    "city": "Paris",
    "country": "FR",
    "code": "FRPMO",
    "slug": "paris-montparnasse",
    "type": "SNCF",
    "url": "https://www.sncf-connect.com/app/station/FRPMO/departures"
  },
  {
    "name": "Paris Saint-Lazare",
    "city": "Paris",
    "country": "FR",
    "code": "FRPSL",
    "slug": "paris-saint-lazare",
    "type": "SNCF",
    "url": "https://www.sncf-connect.com/app/station/FRPSL/departures"
  },
  {
    "name": "Paris Est",
    "city": "Paris",
    "country": "FR",
    "code": "FRPPE",
    "slug": "paris-est",
    "type": "SNCF",
    "url": "https://www.sncf-connect.com/app/station/FRPPE/departures"
  },
  {
    "name": "Reims",
    "city": "Reims",
    "country": "FR",
    "code": "FRRMS",
    "slug": "reims",
    "type": "SNCF",
    "url": "https://www.sncf-connect.com/app/station/FRRMS/departures"
  },
  {
    "name": "Rennes",
    "city": "Rennes",
    "country": "FR",
    "code": "FRRNS",
    "slug": "rennes",
    "type": "SNCF",
    "url": "https://www.sncf-connect.com/app/station/FRRNS/departures"
  },
  {
    "name": "Strasbourg",
    "city": "Strasbourg",
    "country": "FR",
    "code": "FRSTG",
    "slug": "strasbourg",
    "type": "SNCF",
    "url": "https://www.sncf-connect.com/app/station/FRSTG/departures"
  },
  {
    "name": "Toulouse Matabiau",
    "city": "Toulouse",
    "country": "FR",
    "code": "FRTMT",
    "slug": "toulouse-matabiau",
    "type": "SNCF",
    "url": "https://www.sncf-connect.com/app/station/FRTMT/departures"
  },
  {
    "name": "Tours",
    "city": "Tours",
    "country": "FR",
    "code": "FRTOU",
    "slug": "tours",
    "type": "SNCF",
    "url": "https://www.sncf-connect.com/app/station/FRTOU/departures"
  },
  {
    "name": "Ancona",
    "city": "Ancona",
    "country": "IT",
    "code": "1405",
    "slug": "ancona",
    "type": "RFI",
    "url": "https://iechub.rfi.it/ArriviPartenze/en/ArrivalsDepartures/Monitor?Arrivals=False&PlaceId=1405"
  },
  {
    "name": "Bari Centrale",
    "city": "Bari",
    "country": "IT",
    "code": "1460",
    "slug": "bari-centrale",
    "type": "RFI",
    "url": "https://iechub.rfi.it/ArriviPartenze/en/ArrivalsDepartures/Monitor?Arrivals=False&PlaceId=1460"
  },
  {
    "name": "Bologna Centrale",
    "city": "Bologna",
    "country": "IT",
    "code": "1500",
    "slug": "bologna-centrale",
    "type": "RFI",
    "url": "https://iechub.rfi.it/ArriviPartenze/en/ArrivalsDepartures/Monitor?Arrivals=False&PlaceId=1500"
  },
  {
    "name": "Brescia",
    "city": "Brescia",
    "country": "IT",
    "code": "1505",
    "slug": "brescia",
    "type": "RFI",
    "url": "https://iechub.rfi.it/ArriviPartenze/en/ArrivalsDepartures/Monitor?Arrivals=False&PlaceId=1505"
  },
  {
    "name": "Cagliari",
    "city": "Cagliari",
    "country": "IT",
    "code": "1512",
    "slug": "cagliari",
    "type": "RFI",
    "url": "https://iechub.rfi.it/ArriviPartenze/en/ArrivalsDepartures/Monitor?Arrivals=False&PlaceId=1512"
  },
  {
    "name": "Catania Centrale",
    "city": "Catania",
    "country": "IT",
    "code": "1520",
    "slug": "catania-centrale",
    "type": "RFI",
    "url": "https://iechub.rfi.it/ArriviPartenze/en/ArrivalsDepartures/Monitor?Arrivals=False&PlaceId=1520"
  },
  {
    "name": "Firenze Santa Maria Novella",
    "city": "Florence",
    "country": "IT",
    "code": "1613",
    "slug": "firenze-santa-maria-novella",
    "type": "RFI",
    "url": "https://iechub.rfi.it/ArriviPartenze/en/ArrivalsDepartures/Monitor?Arrivals=False&PlaceId=1613"
  },
  {
    "name": "Firenze Rifredi",
    "city": "Florence",
    "country": "IT",
    "code": "1614",
    "slug": "firenze-rifredi",
    "type": "RFI",
    "url": "https://iechub.rfi.it/ArriviPartenze/en/ArrivalsDepartures/Monitor?Arrivals=False&PlaceId=1614"
  },
  {
    "name": "Firenze Campo di Marte",
    "city": "Florence",
    "country": "IT",
    "code": "1615",
    "slug": "firenze-campo-di-marte",
    "type": "RFI",
    "url": "https://iechub.rfi.it/ArriviPartenze/en/ArrivalsDepartures/Monitor?Arrivals=False&PlaceId=1615"
  },
  {
    "name": "Foggia",
    "city": "Foggia",
    "country": "IT",
    "code": "1617",
    "slug": "foggia",
    "type": "RFI",
    "url": "https://iechub.rfi.it/ArriviPartenze/en/ArrivalsDepartures/Monitor?Arrivals=False&PlaceId=1617"
  },
  {
    "name": "Genova Piazza Principe",
    "city": "Genoa",
    "country": "IT",
    "code": "1631",
    "slug": "genova-piazza-principe",
    "type": "RFI",
    "url": "https://iechub.rfi.it/ArriviPartenze/en/ArrivalsDepartures/Monitor?Arrivals=False&PlaceId=1631"
  },
  {
    "name": "Lecce",
    "city": "Lecce",
    "country": "IT",
    "code": "1719",
    "slug": "lecce",
    "type": "RFI",
    "url": "https://iechub.rfi.it/ArriviPartenze/en/ArrivalsDepartures/Monitor?Arrivals=False&PlaceId=1719"
  },
  {
    "name": "Livorno Centrale",
    "city": "Livorno",
    "country": "IT",
    "code": "1724",
    "slug": "livorno-centrale",
    "type": "RFI",
    "url": "https://iechub.rfi.it/ArriviPartenze/en/ArrivalsDepartures/Monitor?Arrivals=False&PlaceId=1724"
  },
  {
    "name": "Messina Centrale",
    "city": "Messina",
    "country": "IT",
    "code": "1745",
    "slug": "messina-centrale",
    "type": "RFI",
    "url": "https://iechub.rfi.it/ArriviPartenze/en/ArrivalsDepartures/Monitor?Arrivals=False&PlaceId=1745"
  },
  {
    "name": "Milano Centrale",
    "city": "Milan",
    "country": "IT",
    "code": "1728",
    "slug": "milano-centrale",
    "type": "RFI",
    "url": "https://iechub.rfi.it/ArriviPartenze/en/ArrivalsDepartures/Monitor?Arrivals=False&PlaceId=1728"
  },
  {
    "name": "Milano Porta Garibaldi",
    "city": "Milan",
    "country": "IT",
    "code": "1729",
    "slug": "milano-porta-garibaldi",
    "type": "RFI",
    "url": "https://iechub.rfi.it/ArriviPartenze/en/ArrivalsDepartures/Monitor?Arrivals=False&PlaceId=1729"
  },
  {
    "name": "Milano Lambrate",
    "city": "Milan",
    "country": "IT",
    "code": "1730",
    "slug": "milano-lambrate",
    "type": "RFI",
    "url": "https://iechub.rfi.it/ArriviPartenze/en/ArrivalsDepartures/Monitor?Arrivals=False&PlaceId=1730"
  },
  {
    "name": "Milano Rogoredo",
    "city": "Milan",
    "country": "IT",
    "code": "1731",
    "slug": "milano-rogoredo",
    "type": "RFI",
    "url": "https://iechub.rfi.it/ArriviPartenze/en/ArrivalsDepartures/Monitor?Arrivals=False&PlaceId=1731"
  },
  {
    "name": "Napoli Centrale",
    "city": "Naples",
    "country": "IT",
    "code": "1766",
    "slug": "napoli-centrale",
    "type": "RFI",
    "url": "https://iechub.rfi.it/ArriviPartenze/en/ArrivalsDepartures/Monitor?Arrivals=False&PlaceId=1766"
  },
  {
    "name": "Padova",
    "city": "Padua",
    "country": "IT",
    "code": "1774",
    "slug": "padova",
    "type": "RFI",
    "url": "https://iechub.rfi.it/ArriviPartenze/en/ArrivalsDepartures/Monitor?Arrivals=False&PlaceId=1774"
  },
  {
    "name": "Palermo Centrale",
    "city": "Palermo",
    "country": "IT",
    "code": "1778",
    "slug": "palermo-centrale",
    "type": "RFI",
    "url": "https://iechub.rfi.it/ArriviPartenze/en/ArrivalsDepartures/Monitor?Arrivals=False&PlaceId=1778"
  },
  {
    "name": "Perugia",
    "city": "Perugia",
    "country": "IT",
    "code": "1782",
    "slug": "perugia",
    "type": "RFI",
    "url": "https://iechub.rfi.it/ArriviPartenze/en/ArrivalsDepartures/Monitor?Arrivals=False&PlaceId=1782"
  },
  {
    "name": "Pescara Centrale",
    "city": "Pescara",
    "country": "IT",
    "code": "1785",
    "slug": "pescara-centrale",
    "type": "RFI",
    "url": "https://iechub.rfi.it/ArriviPartenze/en/ArrivalsDepartures/Monitor?Arrivals=False&PlaceId=1785"
  },
  {
    "name": "Pisa Centrale",
    "city": "Pisa",
    "country": "IT",
    "code": "1790",
    "slug": "pisa-centrale",
    "type": "RFI",
    "url": "https://iechub.rfi.it/ArriviPartenze/en/ArrivalsDepartures/Monitor?Arrivals=False&PlaceId=1790"
  },
  {
    "name": "Reggio Calabria Centrale",
    "city": "Reggio Calabria",
    "country": "IT",
    "code": "1797",
    "slug": "reggio-calabria-centrale",
    "type": "RFI",
    "url": "https://iechub.rfi.it/ArriviPartenze/en/ArrivalsDepartures/Monitor?Arrivals=False&PlaceId=1797"
  },
  {
    "name": "Rimini",
    "city": "Rimini",
    "country": "IT",
    "code": "1799",
    "slug": "rimini",
    "type": "RFI",
    "url": "https://iechub.rfi.it/ArriviPartenze/en/ArrivalsDepartures/Monitor?Arrivals=False&PlaceId=1799"
  },
  {
    "name": "Roma Termini",
    "city": "Rome",
    "country": "IT",
    "code": "1802",
    "slug": "roma-termini",
    "type": "RFI",
    "url": "https://iechub.rfi.it/ArriviPartenze/en/ArrivalsDepartures/Monitor?Arrivals=False&PlaceId=1802"
  },
  {
    "name": "Roma Tiburtina",
    "city": "Rome",
    "country": "IT",
    "code": "1803",
    "slug": "roma-tiburtina",
    "type": "RFI",
    "url": "https://iechub.rfi.it/ArriviPartenze/en/ArrivalsDepartures/Monitor?Arrivals=False&PlaceId=1803"
  },
  {
    "name": "Roma Ostiense",
    "city": "Rome",
    "country": "IT",
    "code": "1804",
    "slug": "roma-ostiense",
    "type": "RFI",
    "url": "https://iechub.rfi.it/ArriviPartenze/en/ArrivalsDepartures/Monitor?Arrivals=False&PlaceId=1804"
  },
  {
    "name": "Roma Trastevere",
    "city": "Rome",
    "country": "IT",
    "code": "1805",
    "slug": "roma-trastevere",
    "type": "RFI",
    "url": "https://iechub.rfi.it/ArriviPartenze/en/ArrivalsDepartures/Monitor?Arrivals=False&PlaceId=1805"
  },
  {
    "name": "Salerno",
    "city": "Salerno",
    "country": "IT",
    "code": "1806",
    "slug": "salerno",
    "type": "RFI",
    "url": "https://iechub.rfi.it/ArriviPartenze/en/ArrivalsDepartures/Monitor?Arrivals=False&PlaceId=1806"
  },
  {
    "name": "Sassari",
    "city": "Sassari",
    "country": "IT",
    "code": "1814",
    "slug": "sassari",
    "type": "RFI",
    "url": "https://iechub.rfi.it/ArriviPartenze/en/ArrivalsDepartures/Monitor?Arrivals=False&PlaceId=1814"
  },
  {
    "name": "Siracusa",
    "city": "Syracuse",
    "country": "IT",
    "code": "1830",
    "slug": "siracusa",
    "type": "RFI",
    "url": "https://iechub.rfi.it/ArriviPartenze/en/ArrivalsDepartures/Monitor?Arrivals=False&PlaceId=1830"
  },
  {
    "name": "Taranto",
    "city": "Taranto",
    "country": "IT",
    "code": "1843",
    "slug": "taranto",
    "type": "RFI",
    "url": "https://iechub.rfi.it/ArriviPartenze/en/ArrivalsDepartures/Monitor?Arrivals=False&PlaceId=1843"
  },
  {
    "name": "Trieste Centrale",
    "city": "Trieste",
    "country": "IT",
    "code": "1854",
    "slug": "trieste-centrale",
    "type": "RFI",
    "url": "https://iechub.rfi.it/ArriviPartenze/en/ArrivalsDepartures/Monitor?Arrivals=False&PlaceId=1854"
  },
  {
    "name": "Torino Porta Nuova",
    "city": "Turin",
    "country": "IT",
    "code": "1851",
    "slug": "torino-porta-nuova",
    "type": "RFI",
    "url": "https://iechub.rfi.it/ArriviPartenze/en/ArrivalsDepartures/Monitor?Arrivals=False&PlaceId=1851"
  },
  {
    "name": "Venezia Santa Lucia",
    "city": "Venice",
    "country": "IT",
    "code": "1900",
    "slug": "venezia-santa-lucia",
    "type": "RFI",
    "url": "https://iechub.rfi.it/ArriviPartenze/en/ArrivalsDepartures/Monitor?Arrivals=False&PlaceId=1900"
  },
  {
    "name": "Venezia Mestre",
    "city": "Venice",
    "country": "IT",
    "code": "1901",
    "slug": "venezia-mestre",
    "type": "RFI",
    "url": "https://iechub.rfi.it/ArriviPartenze/en/ArrivalsDepartures/Monitor?Arrivals=False&PlaceId=1901"
  },
  {
    "name": "Verona Porta Nuova",
    "city": "Verona",
    "country": "IT",
    "code": "1904",
    "slug": "verona-porta-nuova",
    "type": "RFI",
    "url": "https://iechub.rfi.it/ArriviPartenze/en/ArrivalsDepartures/Monitor?Arrivals=False&PlaceId=1904"
  },
  {
    "name": "Almere Centrum",
    "city": "Almere",
    "country": "NL",
    "code": "ALC",
    "slug": "almere-centrum",
    "type": "NS",
    "url": "https://www.ns.nl/reisinformatie/externe-schermen/treinen/vertrektijden?stationId=ALC&columns=1"
  },
  {
    "name": "Amsterdam Centraal",
    "city": "Amsterdam",
    "country": "NL",
    "code": "ASD",
    "slug": "amsterdam-centraal",
    "type": "NS",
    "url": "https://www.ns.nl/reisinformatie/externe-schermen/treinen/vertrektijden?stationId=ASD&columns=1"
  },
  {
    "name": "Schiphol Airport",
    "city": "Amsterdam",
    "country": "NL",
    "code": "SPL",
    "slug": "schiphol-airport",
    "type": "NS",
    "url": "https://www.ns.nl/reisinformatie/externe-schermen/treinen/vertrektijden?stationId=SPL&columns=1"
  },
  {
    "name": "Amsterdam Zuid",
    "city": "Amsterdam",
    "country": "NL",
    "code": "ASDZ",
    "slug": "amsterdam-zuid",
    "type": "NS",
    "url": "https://www.ns.nl/reisinformatie/externe-schermen/treinen/vertrektijden?stationId=ASDZ&columns=1"
  },
  {
    "name": "Amsterdam Amstel",
    "city": "Amsterdam",
    "country": "NL",
    "code": "ASA",
    "slug": "amsterdam-amstel",
    "type": "NS",
    "url": "https://www.ns.nl/reisinformatie/externe-schermen/treinen/vertrektijden?stationId=ASA&columns=1"
  },
  {
    "name": "Amsterdam Sloterdijk",
    "city": "Amsterdam",
    "country": "NL",
    "code": "ASSD",
    "slug": "amsterdam-sloterdijk",
    "type": "NS",
    "url": "https://www.ns.nl/reisinformatie/externe-schermen/treinen/vertrektijden?stationId=ASSD&columns=1"
  },
  {
    "name": "Apeldoorn",
    "city": "Apeldoorn",
    "country": "NL",
    "code": "APD",
    "slug": "apeldoorn",
    "type": "NS",
    "url": "https://www.ns.nl/reisinformatie/externe-schermen/treinen/vertrektijden?stationId=APD&columns=1"
  },
  {
    "name": "Arnhem Centraal",
    "city": "Arnhem",
    "country": "NL",
    "code": "AH",
    "slug": "arnhem-centraal",
    "type": "NS",
    "url": "https://www.ns.nl/reisinformatie/externe-schermen/treinen/vertrektijden?stationId=AH&columns=1"
  },
  {
    "name": "Breda",
    "city": "Breda",
    "country": "NL",
    "code": "BD",
    "slug": "breda",
    "type": "NS",
    "url": "https://www.ns.nl/reisinformatie/externe-schermen/treinen/vertrektijden?stationId=BD&columns=1"
  },
  {
    "name": "Delft",
    "city": "Delft",
    "country": "NL",
    "code": "DT",
    "slug": "delft",
    "type": "NS",
    "url": "https://www.ns.nl/reisinformatie/externe-schermen/treinen/vertrektijden?stationId=DT&columns=1"
  },
  {
    "name": "Eindhoven Centraal",
    "city": "Eindhoven",
    "country": "NL",
    "code": "EHV",
    "slug": "eindhoven-centraal",
    "type": "NS",
    "url": "https://www.ns.nl/reisinformatie/externe-schermen/treinen/vertrektijden?stationId=EHV&columns=1"
  },
  {
    "name": "Enschede",
    "city": "Enschede",
    "country": "NL",
    "code": "ES",
    "slug": "enschede",
    "type": "NS",
    "url": "https://www.ns.nl/reisinformatie/externe-schermen/treinen/vertrektijden?stationId=ES&columns=1"
  },
  {
    "name": "Groningen",
    "city": "Groningen",
    "country": "NL",
    "code": "GN",
    "slug": "groningen",
    "type": "NS",
    "url": "https://www.ns.nl/reisinformatie/externe-schermen/treinen/vertrektijden?stationId=GN&columns=1"
  },
  {
    "name": "Haarlem",
    "city": "Haarlem",
    "country": "NL",
    "code": "HLM",
    "slug": "haarlem",
    "type": "NS",
    "url": "https://www.ns.nl/reisinformatie/externe-schermen/treinen/vertrektijden?stationId=HLM&columns=1"
  },
  {
    "name": "Leeuwarden",
    "city": "Leeuwarden",
    "country": "NL",
    "code": "LW",
    "slug": "leeuwarden",
    "type": "NS",
    "url": "https://www.ns.nl/reisinformatie/externe-schermen/treinen/vertrektijden?stationId=LW&columns=1"
  },
  {
    "name": "Leiden Centraal",
    "city": "Leiden",
    "country": "NL",
    "code": "LDN",
    "slug": "leiden-centraal",
    "type": "NS",
    "url": "https://www.ns.nl/reisinformatie/externe-schermen/treinen/vertrektijden?stationId=LDN&columns=1"
  },
  {
    "name": "Maastricht",
    "city": "Maastricht",
    "country": "NL",
    "code": "MT",
    "slug": "maastricht",
    "type": "NS",
    "url": "https://www.ns.nl/reisinformatie/externe-schermen/treinen/vertrektijden?stationId=MT&columns=1"
  },
  {
    "name": "Nijmegen",
    "city": "Nijmegen",
    "country": "NL",
    "code": "NM",
    "slug": "nijmegen",
    "type": "NS",
    "url": "https://www.ns.nl/reisinformatie/externe-schermen/treinen/vertrektijden?stationId=NM&columns=1"
  },
  {
    "name": "Rotterdam Centraal",
    "city": "Rotterdam",
    "country": "NL",
    "code": "RTD",
    "slug": "rotterdam-centraal",
    "type": "NS",
    "url": "https://www.ns.nl/reisinformatie/externe-schermen/treinen/vertrektijden?stationId=RTD&columns=1"
  },
  {
    "name": "Den Haag Centraal",
    "city": "The Hague",
    "country": "NL",
    "code": "GVC",
    "slug": "den-haag-centraal",
    "type": "NS",
    "url": "https://www.ns.nl/reisinformatie/externe-schermen/treinen/vertrektijden?stationId=GVC&columns=1"
  },
  {
    "name": "Tilburg",
    "city": "Tilburg",
    "country": "NL",
    "code": "TB",
    "slug": "tilburg",
    "type": "NS",
    "url": "https://www.ns.nl/reisinformatie/externe-schermen/treinen/vertrektijden?stationId=TB&columns=1"
  },
  {
    "name": "Utrecht Centraal",
    "city": "Utrecht",
    "country": "NL",
    "code": "UT",
    "slug": "utrecht-centraal",
    "type": "NS",
    "url": "https://www.ns.nl/reisinformatie/externe-schermen/treinen/vertrektijden?stationId=UT&columns=1"
  },
  {
    "name": "Zwolle",
    "city": "Zwolle",
    "country": "NL",
    "code": "ZL",
    "slug": "zwolle",
    "type": "NS",
    "url": "https://www.ns.nl/reisinformatie/externe-schermen/treinen/vertrektijden?stationId=ZL&columns=1"
  },
  {
    "name": "Bath Spa",
    "city": "Bath",
    "country": "UK",
    "code": "BTH",
    "slug": "bath-spa",
    "type": "NationalRail",
    "url": "https://ojp.nationalrail.co.uk/service/ldbboard/dep/BTH"
  },
  {
    "name": "Birmingham New Street",
    "city": "Birmingham",
    "country": "UK",
    "code": "BHM",
    "slug": "birmingham-new-street",
    "type": "NationalRail",
    "url": "https://ojp.nationalrail.co.uk/service/ldbboard/dep/BHM"
  },
  {
    "name": "Brighton",
    "city": "Brighton",
    "country": "UK",
    "code": "BTN",
    "slug": "brighton",
    "type": "NationalRail",
    "url": "https://ojp.nationalrail.co.uk/service/ldbboard/dep/BTN"
  },
  {
    "name": "Bristol Temple Meads",
    "city": "Bristol",
    "country": "UK",
    "code": "BRI",
    "slug": "bristol-temple-meads",
    "type": "NationalRail",
    "url": "https://ojp.nationalrail.co.uk/service/ldbboard/dep/BRI"
  },
  {
    "name": "Cambridge",
    "city": "Cambridge",
    "country": "UK",
    "code": "CBG",
    "slug": "cambridge",
    "type": "NationalRail",
    "url": "https://ojp.nationalrail.co.uk/service/ldbboard/dep/CBG"
  },
  {
    "name": "Cardiff Central",
    "city": "Cardiff",
    "country": "UK",
    "code": "CDF",
    "slug": "cardiff-central",
    "type": "NationalRail",
    "url": "https://ojp.nationalrail.co.uk/service/ldbboard/dep/CDF"
  },
  {
    "name": "Chester",
    "city": "Chester",
    "country": "UK",
    "code": "CTR",
    "slug": "chester",
    "type": "NationalRail",
    "url": "https://ojp.nationalrail.co.uk/service/ldbboard/dep/CTR"
  },
  {
    "name": "Coventry",
    "city": "Coventry",
    "country": "UK",
    "code": "COV",
    "slug": "coventry",
    "type": "NationalRail",
    "url": "https://ojp.nationalrail.co.uk/service/ldbboard/dep/COV"
  },
  {
    "name": "Edinburgh Waverley",
    "city": "Edinburgh",
    "country": "UK",
    "code": "EDB",
    "slug": "edinburgh-waverley",
    "type": "NationalRail",
    "url": "https://ojp.nationalrail.co.uk/service/ldbboard/dep/EDB"
  },
  {
    "name": "Glasgow Central",
    "city": "Glasgow",
    "country": "UK",
    "code": "GLC",
    "slug": "glasgow-central",
    "type": "NationalRail",
    "url": "https://ojp.nationalrail.co.uk/service/ldbboard/dep/GLC"
  },
  {
    "name": "Leeds",
    "city": "Leeds",
    "country": "UK",
    "code": "LDS",
    "slug": "leeds",
    "type": "NationalRail",
    "url": "https://ojp.nationalrail.co.uk/service/ldbboard/dep/LDS"
  },
  {
    "name": "Leicester",
    "city": "Leicester",
    "country": "UK",
    "code": "LEI",
    "slug": "leicester",
    "type": "NationalRail",
    "url": "https://ojp.nationalrail.co.uk/service/ldbboard/dep/LEI"
  },
  {
    "name": "Liverpool Lime Street",
    "city": "Liverpool",
    "country": "UK",
    "code": "LIV",
    "slug": "liverpool-lime-street",
    "type": "NationalRail",
    "url": "https://ojp.nationalrail.co.uk/service/ldbboard/dep/LIV"
  },
  {
    "name": "London Euston",
    "city": "London",
    "country": "UK",
    "code": "EUS",
    "slug": "london-euston",
    "type": "NationalRail",
    "url": "https://ojp.nationalrail.co.uk/service/ldbboard/dep/EUS"
  },
  {
    "name": "London Kings Cross",
    "city": "London",
    "country": "UK",
    "code": "KGX",
    "slug": "london-kings-cross",
    "type": "NationalRail",
    "url": "https://ojp.nationalrail.co.uk/service/ldbboard/dep/KGX"
  },
  {
    "name": "London Paddington",
    "city": "London",
    "country": "UK",
    "code": "PAD",
    "slug": "london-paddington",
    "type": "NationalRail",
    "url": "https://ojp.nationalrail.co.uk/service/ldbboard/dep/PAD"
  },
  {
    "name": "London Liverpool Street",
    "city": "London",
    "country": "UK",
    "code": "LST",
    "slug": "london-liverpool-street",
    "type": "NationalRail",
    "url": "https://ojp.nationalrail.co.uk/service/ldbboard/dep/LST"
  },
  {
    "name": "London Victoria",
    "city": "London",
    "country": "UK",
    "code": "VIC",
    "slug": "london-victoria",
    "type": "NationalRail",
    "url": "https://ojp.nationalrail.co.uk/service/ldbboard/dep/VIC"
  },
  {
    "name": "London Waterloo",
    "city": "London",
    "country": "UK",
    "code": "WAT",
    "slug": "london-waterloo",
    "type": "NationalRail",
    "url": "https://ojp.nationalrail.co.uk/service/ldbboard/dep/WAT"
  },
  {
    "name": "London St Pancras",
    "city": "London",
    "country": "UK",
    "code": "STP",
    "slug": "london-st-pancras",
    "type": "NationalRail",
    "url": "https://ojp.nationalrail.co.uk/service/ldbboard/dep/STP"
  },
  {
    "name": "London Bridge",
    "city": "London",
    "country": "UK",
    "code": "LBG",
    "slug": "london-bridge",
    "type": "NationalRail",
    "url": "https://ojp.nationalrail.co.uk/service/ldbboard/dep/LBG"
  },
  {
    "name": "Manchester Piccadilly",
    "city": "Manchester",
    "country": "UK",
    "code": "MAN",
    "slug": "manchester-piccadilly",
    "type": "NationalRail",
    "url": "https://ojp.nationalrail.co.uk/service/ldbboard/dep/MAN"
  },
  {
    "name": "Newcastle",
    "city": "Newcastle",
    "country": "UK",
    "code": "NCL",
    "slug": "newcastle",
    "type": "NationalRail",
    "url": "https://ojp.nationalrail.co.uk/service/ldbboard/dep/NCL"
  },
  {
    "name": "Nottingham",
    "city": "Nottingham",
    "country": "UK",
    "code": "NOT",
    "slug": "nottingham",
    "type": "NationalRail",
    "url": "https://ojp.nationalrail.co.uk/service/ldbboard/dep/NOT"
  },
  {
    "name": "Oxford",
    "city": "Oxford",
    "country": "UK",
    "code": "OXF",
    "slug": "oxford",
    "type": "NationalRail",
    "url": "https://ojp.nationalrail.co.uk/service/ldbboard/dep/OXF"
  },
  {
    "name": "Portsmouth Harbour",
    "city": "Portsmouth",
    "country": "UK",
    "code": "PMH",
    "slug": "portsmouth-harbour",
    "type": "NationalRail",
    "url": "https://ojp.nationalrail.co.uk/service/ldbboard/dep/PMH"
  },
  {
    "name": "Reading",
    "city": "Reading",
    "country": "UK",
    "code": "RDG",
    "slug": "reading",
    "type": "NationalRail",
    "url": "https://ojp.nationalrail.co.uk/service/ldbboard/dep/RDG"
  },
  {
    "name": "Sheffield",
    "city": "Sheffield",
    "country": "UK",
    "code": "SHF",
    "slug": "sheffield",
    "type": "NationalRail",
    "url": "https://ojp.nationalrail.co.uk/service/ldbboard/dep/SHF"
  },
  {
    "name": "Southampton Central",
    "city": "Southampton",
    "country": "UK",
    "code": "SOU",
    "slug": "southampton-central",
    "type": "NationalRail",
    "url": "https://ojp.nationalrail.co.uk/service/ldbboard/dep/SOU"
  },
  {
    "name": "York",
    "city": "York",
    "country": "UK",
    "code": "YRK",
    "slug": "york",
    "type": "NationalRail",
    "url": "https://ojp.nationalrail.co.uk/service/ldbboard/dep/YRK"
  }
]

